-- phpMyAdmin SQL Dump
-- version 5.1.3
-- https://www.phpmyadmin.net/
--
-- Host: 127.0.0.1
-- Generation Time: May 19, 2022 at 01:30 PM
-- Server version: 10.4.24-MariaDB
-- PHP Version: 8.1.4

SET SQL_MODE = "NO_AUTO_VALUE_ON_ZERO";
START TRANSACTION;
SET time_zone = "+00:00";

--
-- Database: `triibe`
--

-- --------------------------------------------------------

--
-- Table structure for table `colleges`
--

CREATE TABLE `colleges` (
  `Coll_No` varchar(2) NOT NULL,
  `Coll_Name` varchar(30) NOT NULL
) ENGINE=InnoDB DEFAULT CHARSET=utf8mb4;

--
-- Dumping data for table `colleges`
--

INSERT INTO `colleges` (`Coll_No`, `Coll_Name`) VALUES
('04', 'كلية ادارة الاعمال'),
('02', 'كلية الاداب'),
('09', 'كلية الاميرة عائشة للتمريض'),
('07', 'كلية البترا للسياحة والاثار'),
('03', 'كلية العلوم'),
('01', 'كلية العلوم التربوية'),
('14', 'كلية القانون'),
('05', 'كلية الهندسة'),
('06', 'كلية تكنولوجيا المعلومات');

-- --------------------------------------------------------

--
-- Table structure for table `comment`
--

CREATE TABLE `comment` (
  `comment_id` bigint(12) NOT NULL,
  `content` varchar(200) NOT NULL,
  `post_id` bigint(12) NOT NULL,
  `post_std_id` bigint(12) NOT NULL,
  `author` bigint(12) NOT NULL,
  `created_date` varchar(20) NOT NULL
) ENGINE=InnoDB DEFAULT CHARSET=utf8mb4;

--
-- Dumping data for table `comment`
--

INSERT INTO `comment` (`comment_id`, `content`, `post_id`, `post_std_id`, `author`, `created_date`) VALUES
(7, 'ggg', 11, 120180612100, 120180612100, '2022-05-15 23:19:57');

-- --------------------------------------------------------

--
-- Table structure for table `courses`
--

CREATE TABLE `courses` (
  `ID` int(11) NOT NULL,
  `Course_Name` varchar(50) NOT NULL,
  `Crs_Mjr_No` int(11) NOT NULL,
  `Crs_Level` int(1) NOT NULL,
  `Course_No` varchar(2) NOT NULL,
  `Pre_ID` int(11) DEFAULT NULL,
  `Crs_Hours` int(1) NOT NULL,
  `First_Year` int(4) NOT NULL,
  `Last_Year` int(4) NOT NULL
) ENGINE=InnoDB DEFAULT CHARSET=utf8mb4;

--
-- Dumping data for table `courses`
--

INSERT INTO `courses` (`ID`, `Course_Name`, `Crs_Mjr_No`, `Crs_Level`, `Course_No`, `Pre_ID`, `Crs_Hours`, `First_Year`, `Last_Year`) VALUES
(1, 'حاسوب استدراكي', 23, 0, '99', NULL, 0, 2000, 2021),
(2, 'الإنجليزية الإستدراكية', 5, 0, '99', NULL, 0, 2000, 2021),
(3, 'العربية الإستدراكية', 4, 0, '99', NULL, 0, 2000, 2021),
(4, 'التربية الوطنية', 7, 1, '00', NULL, 3, 2000, 2021),
(5, 'اللغة العربية', 4, 1, '01', 3, 3, 2000, 2021),
(6, 'اللغة الإنجليزية', 5, 1, '01', 2, 3, 2000, 2021),
(7, 'العلوم العسكرية', 1, 1, '02', NULL, 3, 2000, 2021),
(8, 'الحوار والمسؤولية المجتمعية', 1, 1, '03', NULL, 3, 2018, 2021),
(9, 'مدخل الى علم المكتبات', 8, 1, '01', NULL, 3, 2000, 2021),
(10, 'اللغة الفرنسية', 6, 1, '01', NULL, 3, 2000, 2021),
(11, 'الثقافة الاسلامية', 9, 1, '01', NULL, 3, 2000, 2021),
(13, 'مهارت الاتصال باللغة الانجليزية', 5, 1, '02', 6, 3, 2000, 2021),
(14, 'فن الكتابة والتعبير', 4, 1, '04', NULL, 3, 2000, 2021),
(15, 'مبادئ علم النفس', 3, 1, '12', NULL, 3, 2000, 2021),
(16, 'مبادئ التربية', 2, 1, '41', NULL, 3, 2000, 2021),
(17, 'مبادئ التربية الرياضية', 1, 1, '71', NULL, 3, 2000, 2021),
(18, 'تاريخ القدس', 10, 1, '00', NULL, 3, 2000, 2021),
(19, 'الاقتصاد في حياتنا', 15, 1, '00', NULL, 3, 2000, 2021),
(20, 'مساهمة الاردن في الحضارة الانسانية', 27, 1, '00', NULL, 3, 2000, 2021),
(21, 'القانون في حياتنا', 26, 1, '00', NULL, 3, 2000, 2021),
(22, 'أساسيات الإدارة', 14, 1, '02', NULL, 3, 2000, 2021),
(23, 'الريادة والإبتكار', 14, 1, '04', NULL, 3, 2000, 2021),
(24, 'التراث الحضاري والناس', 27, 1, '05', NULL, 3, 2000, 2021),
(25, 'فن الضيافة والاتيكيت', 28, 1, '07', NULL, 3, 2000, 2021),
(26, 'مبادئ التجارة الإلكترونية', 16, 1, '10', NULL, 3, 2000, 2021),
(27, 'التربية الإعلامية والرقمية', 7, 1, '81', NULL, 3, 2000, 2021),
(28, 'تاريخ الرياضيات', 11, 1, '00', NULL, 3, 2000, 2021),
(29, 'مقدمة في أمن المعلومات والشبكات', 21, 1, '00', NULL, 3, 2000, 2021),
(30, 'مهارات الانترنت ومواقع التواصل الاجتماعي', 23, 1, '00', NULL, 3, 2017, 2021),
(31, 'مقدمة في علم الفلك', 12, 1, '00', NULL, 3, 2000, 2021),
(32, 'قضايا بيئية', 18, 1, '00', NULL, 3, 2000, 2020),
(33, 'مبادئ السلامة العامة', 19, 1, '00', NULL, 3, 2000, 2021),
(34, 'مبادئ صيانة السيارات', 20, 1, '00', NULL, 3, 2000, 2021),
(35, 'مبادئ الحكومة الإلكترونية', 24, 1, '00', NULL, 3, 2000, 2021),
(36, 'الأمن والأمان الإشعاعي', 30, 1, '00', NULL, 3, 2000, 2021),
(37, 'المصادر الطبيعية في الاردن', 17, 1, '10', NULL, 3, 2000, 2021),
(38, 'الكيمياء والانسان', 13, 1, '11', NULL, 3, 2000, 2021),
(39, 'الاسعافات الاولية', 29, 1, '20', NULL, 3, 2000, 2021),
(40, 'مبادئ الصحة العامة', 29, 1, '60', NULL, 3, 2000, 2021),
(41, 'تفاضل وتكامل 1', 11, 1, '01', NULL, 3, 2000, 2021),
(42, 'أساسيات في تكنولوجيا المعلومات', 24, 1, '01', NULL, 3, 2000, 2021),
(43, 'الرياضيات المتقطعة', 23, 1, '02', NULL, 3, 2000, 2021),
(44, 'تفاضل وتكامل 2', 11, 1, '02', 41, 3, 2000, 2021),
(45, 'الفيزياء العامة لطلبة الحاسوب', 12, 1, '06', NULL, 3, 2000, 2021),
(46, 'لغة برمجة 1', 23, 1, '12', NULL, 3, 2000, 2021),
(47, 'لغة برمجة 2', 23, 1, '16', 46, 3, 2000, 2021),
(48, 'البرمجة الشيئية 1', 23, 2, '13', 47, 3, 2000, 2021),
(49, 'مبادئ في الإحصاء والإحتمالات', 11, 1, '31', 43, 3, 2000, 2021),
(50, 'النظرية الاحتسابية', 23, 2, '01', 43, 3, 2000, 2021),
(51, 'مقدمة في هندسة البرمجيات', 22, 2, '04', 42, 3, 2000, 2021),
(52, 'قضايا مهنية واخلاقية في الحوسبة', 22, 2, '11', 6, 3, 2000, 2021),
(53, 'تحليل النظم', 24, 2, '12', 42, 3, 2000, 2021),
(54, 'تصميم الدوائر المنطقية', 21, 2, '21', 47, 3, 2000, 2021),
(55, 'تراكيب البيانات', 23, 2, '22', 48, 3, 2000, 2021),
(56, 'جبر خطي 1', 11, 2, '41', 44, 3, 2000, 2021),
(57, 'البرمجة بلغة مرئية 1', 23, 3, '13', 48, 3, 2000, 2021),
(58, 'نظم قواعد البيانات', 24, 3, '13', 53, 3, 2000, 2021),
(59, 'البرمجة الشيئية 2', 23, 3, '15', 48, 3, 2000, 2021),
(60, 'خوارزميات الحاسوب', 23, 3, '21', 55, 3, 2000, 2021),
(61, 'معمارية الحاسوب', 21, 3, '22', 54, 3, 2000, 2021),
(62, 'إحدى لغات الجيل الرابع', 24, 3, '22', 58, 3, 2000, 2021),
(63, 'نظم تشغيل الحاسوب', 23, 3, '31', 47, 3, 2000, 2021),
(64, 'مقدمة في شبكات الحاسوب', 23, 3, '32', 63, 3, 2000, 2021),
(65, 'برمجة الانترنت', 24, 3, '41', 48, 3, 2000, 2021),
(66, 'الذكاء الاصطناعي', 23, 3, '42', 55, 3, 2000, 2021),
(67, 'البرمجة بلغة مرئية 2', 23, 4, '10', 57, 3, 2000, 2021),
(68, 'تصميم المترجمات', 23, 4, '12', 50, 3, 2000, 2021),
(69, 'أمن نظم المعلومات', 24, 4, '35', 64, 3, 2000, 2021),
(70, 'النظم الخبيرة ودعم القرار', 24, 4, '55', 66, 3, 2000, 2021),
(71, 'نمذجة ومحاكاة النظم', 24, 3, '24', 60, 3, 2000, 2021),
(72, 'تصميم وتنظيم الحاسوب', 21, 3, '34', 61, 3, 2000, 2021),
(73, 'ادارة المشاريع البرمجية وجودتها', 22, 3, '51', 51, 3, 2000, 2021),
(74, 'تفاعل الانسان مع الحاسوب', 22, 4, '21', 53, 3, 2000, 2021),
(75, 'نظم الوسائط المتعددة', 24, 4, '34', 48, 3, 2000, 2021),
(76, 'أمن الحاسوب والشبكات', 23, 4, '35', 64, 3, 2000, 2021),
(77, 'التجارة الإلكترونية', 24, 4, '42', 65, 3, 2000, 2021),
(78, 'استرجاع المعلومات', 24, 4, '53', 58, 3, 2000, 2021),
(79, 'ادارة نظم قواعد البيانات', 24, 4, '54', 58, 3, 2000, 2021),
(80, 'موضوعات خاصة في علم الحاسوب', 23, 4, '91', 64, 3, 2000, 2021),
(82, 'التنمية والبيئة', 18, 1, '01', NULL, 3, 2021, 2021),
(83, 'الثقافة الرقمية', 23, 1, '03', NULL, 3, 2021, 2021),
(84, 'المهارات الحياتية', 1, 1, '05', NULL, 3, 2021, 2021),
(85, 'مقدمة في الادارة والتسويق', 33, 1, '00', NULL, 3, 2000, 2021),
(86, 'مقدمة في نظم المعلومات', 24, 2, '01', NULL, 3, 2000, 2021),
(87, 'مواصفات البرمجيات وتصميمها', 22, 3, '22', 51, 3, 2000, 2021),
(88, 'فحص البرمجيات', 22, 4, '43', 87, 3, 2000, 2021),
(89, 'تطوير البرمجيات وتوثيقها', 22, 4, '45', 87, 3, 2000, 2021),
(90, 'معمارية البرمجيات', 22, 3, '63', 87, 3, 2000, 2021),
(91, 'تقنيات اعادة هندسة البرمجيات', 22, 4, '42', 88, 3, 2000, 2021),
(92, 'الطرق الرسمية في هندسة البرمجيات', 22, 4, '53', 87, 3, 2000, 2021),
(93, 'موضوعات خاصة في هندسة البرمجيات', 22, 4, '91', 64, 3, 2000, 2021),
(94, 'مبادئ الادارة المالية', 32, 1, '01', 85, 3, 2000, 2021),
(95, 'مبادئ المحاسبة 1', 31, 1, '01', NULL, 3, 2000, 2021),
(96, 'مستودعات البيانات والتنقيب عنها', 24, 4, '51', 58, 3, 2000, 2021),
(97, 'موضوعات خاصة في نظم المعلومات', 24, 4, '91', 64, 3, 2000, 2021),
(98, 'اساسيات علم البيانات', 25, 3, '30', 58, 3, 2021, 2021),
(99, 'هندسة البيانات', 25, 3, '31', 98, 3, 2021, 2021),
(100, 'الحوسبة عالية الاداء والبيانات الضخمة', 25, 3, '34', 99, 3, 2021, 2021),
(101, 'التعلم الآلي', 25, 3, '43', 66, 3, 2021, 2021),
(102, 'معالجة اللغات الطبيعية', 25, 3, '44', 66, 3, 2021, 2021),
(103, 'الشبكات العصبية والتعلم العميق', 25, 3, '45', 66, 3, 2021, 2021),
(104, 'الحوسبة السحابية', 25, 4, '31', 64, 3, 2021, 2021),
(105, 'تنقيب البيانات', 25, 4, '32', 58, 3, 2021, 2021),
(106, 'انترنت الاشياء', 25, 4, '33', 64, 3, 2021, 2021),
(107, 'ذكاء الاعمال', 25, 4, '41', 99, 3, 2021, 2021),
(108, 'نمذجة البيانات ومحاكاتها', 25, 4, '42', 99, 3, 2021, 2021),
(109, 'موضوعات خاصة في علم البيانات', 25, 4, '91', 60, 3, 2021, 2021);

-- --------------------------------------------------------

--
-- Table structure for table `crs_type`
--

CREATE TABLE `crs_type` (
  `ID` int(11) NOT NULL,
  `Type` varchar(30) NOT NULL
) ENGINE=InnoDB DEFAULT CHARSET=utf8mb4;

--
-- Dumping data for table `crs_type`
--

INSERT INTO `crs_type` (`ID`, `Type`) VALUES
(1, 'جامعة اجباري'),
(2, 'جامعة اختياري'),
(3, 'كلية اجباري'),
(4, 'تخصص اجباري'),
(5, 'تخصص اختياري');

-- --------------------------------------------------------

--
-- Table structure for table `files`
--

CREATE TABLE `files` (
  `fileId` bigint(12) NOT NULL,
  `fileName` varchar(100) DEFAULT NULL,
  `fileOriginalName` varchar(50) DEFAULT NULL
) ENGINE=InnoDB DEFAULT CHARSET=utf8mb4;

--
-- Dumping data for table `files`
--

INSERT INTO `files` (`fileId`, `fileName`, `fileOriginalName`) VALUES
(29, 'db_files/62745c5d3911d1.07751664.exe', 'U.GG - Installer.exe'),
(30, 'db_files/62745ca2077974.96021175.mp4', 'yt1s.com - Thebausffs Claps Fiora Abuser_1080pFHR.'),
(31, 'db_files/62745e28a24165.79579422.bat', 'LOL_OPGG_Observer_1651611385281_spectate.bat'),
(32, 'db_files/62745e3758b7d2.13133070.exe', 'mingw-get-setup.exe'),
(33, 'db_files/62745eb7dc3678.58838315.exe', 'Blitz-1.16.57.exe'),
(34, 'db_files/6274e40b3338d2.28866512.exe', 'U.GG - Installer.exe'),
(35, 'db_files/6274e45e2395e5.57299969.exe', 'U.GG - Installer.exe'),
(36, 'db_files/62752eb469a3e6.49390878.zip', 'example.zip'),
(37, 'db_files/62766c93919d97.33354873.exe', 'mingw-get-setup.exe'),
(38, 'db_files/62769f24b1e4a0.31639243.pdf', 'DocScanner-Apr-21-2022-7-41-PM.pdf'),
(39, 'db_files/62769f628c6fb6.55888628.exe', 'mingw-get-setup.exe'),
(40, 'db_files/628164adf03b00.47067652.doe', 'Untitled.doe'),
(41, 'db_files/628164c9b25384.42338225.doe', 'Untitled.Backup.doe');

-- --------------------------------------------------------

--
-- Table structure for table `friends`
--

CREATE TABLE `friends` (
  `user_id` bigint(12) NOT NULL,
  `friend_id` bigint(12) NOT NULL
) ENGINE=InnoDB DEFAULT CHARSET=utf8mb4;

--
-- Dumping data for table `friends`
--

INSERT INTO `friends` (`user_id`, `friend_id`) VALUES
(120180612114, 120180612100),
(120180612114, 120180612122),
(120180612100, 120180612114),
(120180612100, 120180612122),
(120180612122, 120180612100),
(120180612122, 120180612114),
(120180612122, 999999999999);

-- --------------------------------------------------------

--
-- Table structure for table `img`
--

CREATE TABLE `img` (
  `img_id` bigint(12) NOT NULL,
  `img_name` varchar(100) DEFAULT NULL
) ENGINE=InnoDB DEFAULT CHARSET=utf8mb4;

--
-- Dumping data for table `img`
--

INSERT INTO `img` (`img_id`, `img_name`) VALUES
(17, 'db_images/6274e40b33b176.24674153.jpg'),
(18, 'db_images/6274e45e241ba7.18311670.jpg'),
(19, 'db_images/62766c93927512.39943630.jpg'),
(20, 'db_images/62769f36c273e2.96906771.jpg'),
(21, 'db_images/62769f628d0e33.74290344.jpg'),
(22, 'db_images/6279416aedb728.62951057.jpg'),
(23, 'db_images/627c127ec15958.82315971.jpg'),
(24, 'db_images/6280f702d94a78.06525526.jpg'),
(25, 'db_images/6280fe26decdc5.24087413.jpg'),
(26, 'db_images/628164adf0b4d9.96321788.jpg');

-- --------------------------------------------------------

--
-- Table structure for table `majors`
--

CREATE TABLE `majors` (
  `ID` int(11) NOT NULL,
  `Major_No` varchar(2) NOT NULL,
  `Major_Name` varchar(50) NOT NULL,
  `Coll_Major_No` varchar(2) NOT NULL
) ENGINE=InnoDB DEFAULT CHARSET=utf8mb4;

--
-- Dumping data for table `majors`
--

INSERT INTO `majors` (`ID`, `Major_No`, `Major_Name`, `Coll_Major_No`) VALUES
(1, '00', 'متطلبات جامعية', '01'),
(2, '02', 'المناهج و التدريس', '01'),
(3, '13', 'التربية الخاصة', '01'),
(4, '01', 'اللغة العربية وادابها', '02'),
(5, '02', 'اللغة الانجليزية وادابها', '02'),
(6, '04', 'اللغات', '02'),
(7, '05', 'العلاقات الدولية والدراسات الاستراتيجية', '02'),
(8, '06', 'علم المكتبات/تكنولوجيا المعلومات', '02'),
(9, '13', 'الدراسات الاسلامية', '02'),
(10, '17', 'التاريخ والجغرافيا', '02'),
(11, '02', 'رياضيات', '03'),
(12, '03', 'الفيزياء', '03'),
(13, '06', 'الكيمياء', '03'),
(14, '11', 'ادارة الاعمال', '04'),
(15, '12', 'الاقتصاد', '04'),
(16, '41', 'نظم المعلومات الادارية', '04'),
(17, '01', 'هندسة التعدين', '05'),
(18, '02', 'هندسة البيئة', '05'),
(19, '03', 'الهندسة الكيميائية', '05'),
(20, '07', 'الهندسة المكانيكية', '05'),
(21, '11', 'هندسة الحاسوب', '05'),
(22, '14', 'هندسة البرمجيات', '06'),
(23, '12', 'علم الحاسوب', '06'),
(24, '13', 'نظم المعلومات الحاسوبية', '06'),
(25, '15', 'علم البيانات والذكاء الاصطناعي', '06'),
(26, '08', 'قانون عام', '14'),
(27, '01', 'الاثار', '07'),
(28, '12', 'ادارة الفنادق', '07'),
(29, '01', 'التمريض', '09'),
(30, '03', 'التصوير الاشعاعي', '09'),
(31, '13', 'المحاسبة والعلوم المالية والمصرفية', '04'),
(32, '33', 'الادارة المالية', '04'),
(33, '51', 'التسويق', '04');

-- --------------------------------------------------------

--
-- Table structure for table `majors_hour`
--

CREATE TABLE `majors_hour` (
  `mjr_id` int(11) NOT NULL,
  `spc_op_hr` int(11) NOT NULL,
  `uni_op_hr` int(11) NOT NULL,
  `uni_man_hr` int(11) NOT NULL,
  `col_man_hr` int(11) NOT NULL,
  `spc_man_hr` int(11) NOT NULL,
  `from_year` int(11) NOT NULL,
  `to_year` int(11) NOT NULL
) ENGINE=InnoDB DEFAULT CHARSET=utf8mb4;

--
-- Dumping data for table `majors_hour`
--

INSERT INTO `majors_hour` (`mjr_id`, `spc_op_hr`, `uni_op_hr`, `uni_man_hr`, `col_man_hr`, `spc_man_hr`, `from_year`, `to_year`) VALUES
(22, 9, 12, 15, 24, 72, 2018, 2021),
(23, 9, 12, 15, 24, 72, 2018, 2021),
(24, 9, 12, 15, 24, 72, 2018, 2021);

-- --------------------------------------------------------

--
-- Table structure for table `messages`
--

CREATE TABLE `messages` (
  `id` bigint(12) NOT NULL,
  `from_user` bigint(12) NOT NULL,
  `to_user` bigint(12) NOT NULL,
  `message` varchar(200) NOT NULL,
  `time` varchar(20) NOT NULL,
  `status` varchar(6) NOT NULL
) ENGINE=InnoDB DEFAULT CHARSET=utf8mb4;

--
-- Dumping data for table `messages`
--

INSERT INTO `messages` (`id`, `from_user`, `to_user`, `message`, `time`, `status`) VALUES
(120180612122, 120180612122, 120180612100, 'Hi', '', '1'),
(120180612122, 120180612122, 120180612100, 'm.,m,.m', '2022-05-14 22:14:52', ''),
(120180612122, 120180612122, 120180612100, 'sadsad', '2022-05-14 22:15:00', ''),
(120180612122, 120180612122, 120180612100, 'hi', '2022-05-14 22:15:05', ''),
(120180612122, 120180612122, 120180612100, 'hello', '2022-05-14 22:15:11', ''),
(120180612122, 120180612122, 120180612100, 'askjdlasdk', '2022-05-14 22:18:39', ''),
(120180612122, 120180612122, 120180612100, 'hi1', '2022-05-14 22:18:46', ''),
(120180612122, 120180612122, 120180612100, 'kl;askdal;kds', '2022-05-14 22:42:01', ''),
(120180612122, 120180612122, 120180612100, 'bmjhkj', '2022-05-15 12:21:14', ''),
(120180612122, 120180612122, 120180612100, 'kkk', '2022-05-15 14:41:56', ''),
(120180612122, 120180612122, 120180612100, 'hhhhhhhhhhhhhhhhh\ns\ns\ns\ns\ns', '2022-05-15 15:52:13', ''),
(120180612122, 120180612122, 120180612100, 'jhjhj\nkjkj\n', '2022-05-15 15:55:30', ''),
(120180612122, 120180612122, 120180612100, 'cdfndsjfhsdf\nfdsjfhsdf\n', '2022-05-15 15:55:37', ''),
(120180612122, 120180612122, 120180612100, 'jjj\nkkk', '2022-05-15 16:01:00', ''),
(120180612122, 120180612122, 120180612100, 'jaskldjas<br />\nlkkk', '2022-05-15 16:02:26', ''),
(120180612122, 120180612122, 120180612100, 'kkkk<br />\nkkkk<br />\n<br />\nkkkk', '2022-05-15 16:05:54', ''),
(120180612122, 120180612122, 120180612100, 'ajsdajskdlad', '2022-05-15 16:09:02', ''),
(120180612122, 120180612122, 120180612100, 'ljasdkjasdlasjd', '2022-05-15 16:09:30', ''),
(120180612122, 120180612122, 120180612100, 'sadsd', '2022-05-15 16:17:34', ''),
(120180612122, 120180612122, 120180612100, 'lds;dsld', '2022-05-15 16:17:37', ''),
(120180612122, 120180612122, 120180612100, ';lsdlsd<br />\n', '2022-05-15 16:17:40', ''),
(120180612122, 120180612122, 120180612100, 'm,asdmas,mdas', '2022-05-15 16:17:42', ''),
(120180612122, 120180612122, 120180612100, 'asl;dkasdl;', '2022-05-15 16:17:48', ''),
(120180612122, 120180612122, 120180612100, 'asdjaklsdj', '2022-05-15 16:21:37', ''),
(120180612122, 120180612122, 120180612100, 'سشةويىشسةيى', '2022-05-15 16:22:04', ''),
(120180612122, 120180612122, 120180612100, 'ffff ', '2022-05-15 16:22:18', ''),
(120180612122, 120180612122, 120180612100, 'zzzzzzzz<br />\n', '2022-05-15 16:22:32', ''),
(120180612122, 120180612122, 120180612100, 'kldjaslkd', '2022-05-15 16:22:36', ''),
(120180612122, 120180612122, 120180612100, 'adsjldajsjdl', '2022-05-15 16:22:40', ''),
(120180612122, 120180612122, 120180612100, 'sdakasl;dk', '2022-05-15 16:24:37', ''),
(120180612122, 120180612122, 120180612100, 'kdasjdlasjkd', '2022-05-15 16:24:40', ''),
(120180612122, 120180612122, 120180612100, 'asdhasjdk', '2022-05-15 16:24:42', ''),
(120180612122, 120180612122, 120180612100, 'amsnd,as,d', '2022-05-15 16:24:49', ''),
(120180612122, 120180612122, 120180612100, '.dkjaskljds', '2022-05-15 16:25:37', ''),
(120180612122, 120180612122, 120180612100, 'jhjjhkjhkhkjhkj<br />\n<br />\n<br />\n', '2022-05-15 16:49:02', ''),
(120180612122, 120180612122, 120180612100, 'ياتساي', '2022-05-15 16:49:04', ''),
(120180612122, 120180612122, 120180612100, 'jhkjh', '2022-05-15 17:06:41', ''),
(120180612122, 120180612122, 120180612100, ';lkdf;lskdf;', '2022-05-15 17:29:46', ''),
(120180612122, 120180612122, 120180612100, 'dks;fklsdf<br />\ndfsdjfl', '2022-05-15 17:29:49', ''),
(120180612122, 120180612122, 120180612100, 'Hi omar', '2022-05-17 04:11:57', ''),
(120180612122, 120180612122, 120180612100, 'sdsad', '2022-05-17 04:12:17', ''),
(120180612122, 120180612122, 120180612100, 'Hi', '2022-05-17 04:13:27', ''),
(120180612122, 120180612122, 120180612100, 'How Are You?', '2022-05-17 04:13:37', ''),
(120180612122, 120180612122, 120180612100, 'Hello World', '2022-05-17 04:14:00', ''),
(120180612122, 120180612122, 120180612100, 'Have Fun', '2022-05-17 04:14:19', ''),
(120180612122, 120180612122, 120180612100, 'gfgfg', '2022-05-17 11:59:17', '');

-- --------------------------------------------------------

--
-- Table structure for table `post`
--

CREATE TABLE `post` (
  `post_id` bigint(100) NOT NULL,
  `title` varchar(50) DEFAULT NULL,
  `content` varchar(1500) DEFAULT NULL,
  `created_date` varchar(20) NOT NULL,
  `author` bigint(12) NOT NULL,
  `form_id` int(5) NOT NULL,
  `img_id` bigint(12) DEFAULT NULL,
  `likes_count` mediumtext NOT NULL DEFAULT '0',
  `video_id` bigint(12) DEFAULT NULL,
  `fileId` bigint(12) DEFAULT NULL
) ENGINE=InnoDB DEFAULT CHARSET=utf8mb4;

--
-- Dumping data for table `post`
--

INSERT INTO `post` (`post_id`, `title`, `content`, `created_date`, `author`, `form_id`, `img_id`, `likes_count`, `video_id`, `fileId`) VALUES
(138, NULL, 'Hello World', '2022-05-09 18:29:30', 120180612122, 1, 22, '0', NULL, NULL),
(140, NULL, 'Hello World', '2022-05-12 13:49:00', 120180612122, 1, 22, '1', 0, NULL),
(141, NULL, 'hamza', '2022-05-12 15:26:04', 120180612122, 2, NULL, '0', NULL, NULL),
(142, NULL, ' <a href=\"https://www.google.com/maps/search/?api=1&query=30.20359834444542,35.7322464014865\">My Location</a>', '2022-05-12 21:43:20', 120180612122, 1, NULL, '1', NULL, NULL),
(143, NULL, 'p1', '2022-05-13 22:30:36', 120180612122, 1, NULL, '0', NULL, NULL),
(144, NULL, 'h1', '2022-05-13 22:32:09', 120201408061, 2, NULL, '0', NULL, NULL),
(145, NULL, 't1', '2022-05-13 22:32:23', 120201408061, 2, NULL, '0', NULL, NULL),
(146, NULL, '2', '2022-05-13 22:33:03', 120201408061, 1, NULL, '0', NULL, NULL),
(147, NULL, 'jhjh', '2022-05-13 22:42:25', 120201408061, 2, NULL, '0', NULL, NULL),
(148, NULL, 'n,m', '2022-05-13 22:45:09', 120201408061, 2, NULL, '0', NULL, NULL),
(149, NULL, 'mbbmnb', '2022-05-14 18:50:24', 120180612122, 2, NULL, '0', NULL, NULL),
(150, NULL, 'Hi Radwan&nbsp; <a href=\"friendpage.php?account_id=882342624\">@RadwanSusan</a>', '2022-05-14 21:07:00', 120180612100, 2, NULL, '1', NULL, NULL),
(151, NULL, '', '2022-05-15 14:50:10', 120180612122, 1, 24, '0', NULL, NULL),
(152, NULL, '', '2022-05-15 15:20:38', 120180612122, 1, 25, '0', NULL, NULL),
(153, NULL, 'dfdfdfd&nbsp; <a href=\"friendpage.php?account_id=251986197\">@omarthaer</a>&nbsp; <a href=\"https://www.google.com/maps/search/?api=1&amp;query=30.203269311724867,35.73259097092972\">My Location</a>', '2022-05-15 22:38:05', 120180612122, 0, 26, '0', NULL, 40),
(154, NULL, 'vfgf <a href=\"friendpage.php?account_id=945532290\">@zaidmohammad</a> <a href=\"https://www.google.com/maps/search/?api=1&query=30.203269311724867,35.73259097092972\">My Location</a>', '2022-05-15 22:38:33', 120180612122, 1, NULL, '1', NULL, 41);

-- --------------------------------------------------------

--
-- Table structure for table `post_likes`
--

CREATE TABLE `post_likes` (
  `post_id` bigint(12) NOT NULL,
  `std_id` bigint(12) NOT NULL
) ENGINE=InnoDB DEFAULT CHARSET=utf8mb4;

--
-- Dumping data for table `post_likes`
--

INSERT INTO `post_likes` (`post_id`, `std_id`) VALUES
(5, 120180612122),
(25, 120180612122),
(20, 120180612122),
(19, 120180612122),
(23, 120180612122),
(24, 120180612122),
(22, 120180612122),
(45, 120180612122),
(64, 120180612122),
(68, 120180612122),
(70, 120180612122),
(85, 120180612122),
(123, 120180612122),
(132, 120180612122),
(131, 120180612122),
(135, 120180612122),
(150, 120180612122),
(142, 120180612122),
(140, 120180612122),
(154, 120180612122);

-- --------------------------------------------------------

--
-- Table structure for table `saved_post`
--

CREATE TABLE `saved_post` (
  `keeper_id` bigint(12) NOT NULL,
  `post_id` bigint(12) NOT NULL
) ENGINE=InnoDB DEFAULT CHARSET=utf8mb4;

--
-- Dumping data for table `saved_post`
--

INSERT INTO `saved_post` (`keeper_id`, `post_id`) VALUES
(120180612122, 26),
(120180612122, 68),
(120180612122, 132),
(120180612122, 131),
(120180612122, 113),
(120180612122, 140);

-- --------------------------------------------------------

--
-- Table structure for table `semesters`
--

CREATE TABLE `semesters` (
  `id` int(11) NOT NULL,
  `sem_year` int(11) NOT NULL,
  `sem_no` int(11) NOT NULL
) ENGINE=InnoDB DEFAULT CHARSET=utf8mb4;

--
-- Dumping data for table `semesters`
--

INSERT INTO `semesters` (`id`, `sem_year`, `sem_no`) VALUES
(1, 2018, 1),
(2, 2018, 2),
(3, 2018, 3),
(4, 2019, 1),
(5, 2019, 2),
(6, 2019, 3),
(7, 2020, 1),
(8, 2020, 2),
(9, 2020, 3),
(10, 2021, 1);

-- --------------------------------------------------------

--
-- Table structure for table `std_crs`
--

CREATE TABLE `std_crs` (
  `Std_id` int(11) NOT NULL,
  `crs_id` int(11) NOT NULL,
  `sem_id` int(11) NOT NULL,
  `degree` int(3) DEFAULT NULL,
  `status` int(1) NOT NULL
) ENGINE=InnoDB DEFAULT CHARSET=utf8mb4;

--
-- Dumping data for table `std_crs`
--

INSERT INTO `std_crs` (`Std_id`, `crs_id`, `sem_id`, `degree`, `status`) VALUES
(1, 1, 10, 67, 1),
(1, 2, 10, 67, 1),
(1, 3, 10, 41, 1),
(3, 1, 5, 56, 1),
(3, 2, 5, 67, 1),
(3, 3, 5, 47, 1),
(3, 4, 5, 80, 1),
(3, 6, 7, 68, 1),
(3, 7, 6, 83, 1),
(3, 8, 7, 91, 1),
(3, 16, 7, 81, 1),
(3, 17, 5, 94, 1),
(3, 30, 8, 54, 1),
(3, 41, 7, 50, 1),
(3, 42, 5, 76, 1),
(3, 43, 6, 39, 1),
(3, 44, 9, 80, 1),
(3, 45, 9, 95, 1),
(3, 46, 5, 54, 1),
(3, 47, 7, 35, 1),
(3, 48, 8, 71, 1),
(3, 49, 8, 61, 1),
(3, 51, 8, 71, 1),
(3, 52, 8, 63, 1),
(3, 53, 6, 73, 1),
(3, 58, 8, 77, 1),
(3, 63, 9, 65, 1),
(3, 65, 9, 80, 1);

-- --------------------------------------------------------

--
-- Table structure for table `std_crs_sem`
--

CREATE TABLE `std_crs_sem` (
  `std_id` int(11) NOT NULL,
  `sub_id` int(11) NOT NULL,
  `sem_id` int(11) NOT NULL,
  `degree` int(3) DEFAULT NULL
) ENGINE=InnoDB DEFAULT CHARSET=utf8mb4;

-- --------------------------------------------------------

--
-- Table structure for table `std_crs_temp`
--

CREATE TABLE `std_crs_temp` (
  `std_id` int(11) NOT NULL,
  `sub_id` int(11) NOT NULL,
  `sem_id` int(11) NOT NULL,
  `degree` int(3) DEFAULT NULL
) ENGINE=InnoDB DEFAULT CHARSET=utf8mb4;

--
-- Dumping data for table `std_crs_temp`
--

INSERT INTO `std_crs_temp` (`std_id`, `sub_id`, `sem_id`, `degree`) VALUES
(1, 71, 10, NULL),
(1, 85, 10, NULL),
(1, 113, 10, NULL),
(1, 142, 10, NULL),
(1, 182, 10, NULL),
(3, 118, 10, NULL),
(3, 130, 10, NULL);

-- --------------------------------------------------------

--
-- Table structure for table `std_plan`
--

CREATE TABLE `std_plan` (
  `course_id` int(11) NOT NULL,
  `crs_type` int(11) NOT NULL,
  `major_id` int(11) NOT NULL
) ENGINE=InnoDB DEFAULT CHARSET=utf8mb4;

--
-- Dumping data for table `std_plan`
--

INSERT INTO `std_plan` (`course_id`, `crs_type`, `major_id`) VALUES
(1, 1, 22),
(1, 1, 23),
(1, 1, 24),
(1, 1, 25),
(2, 1, 22),
(2, 1, 23),
(2, 1, 24),
(2, 1, 25),
(3, 1, 22),
(3, 1, 23),
(3, 1, 24),
(3, 1, 25),
(4, 1, 22),
(4, 1, 23),
(4, 1, 24),
(4, 1, 25),
(5, 1, 22),
(5, 1, 23),
(5, 1, 24),
(5, 1, 25),
(6, 1, 22),
(6, 1, 23),
(6, 1, 24),
(6, 1, 25),
(7, 1, 22),
(7, 1, 23),
(7, 1, 24),
(7, 1, 25),
(8, 1, 22),
(8, 1, 23),
(8, 1, 24),
(8, 1, 25),
(9, 2, 22),
(9, 2, 23),
(9, 2, 24),
(9, 2, 25),
(10, 2, 22),
(10, 2, 23),
(10, 2, 24),
(10, 2, 25),
(11, 2, 22),
(11, 2, 23),
(11, 2, 24),
(11, 2, 25),
(13, 2, 22),
(13, 2, 23),
(13, 2, 24),
(13, 2, 25),
(14, 2, 22),
(14, 2, 23),
(14, 2, 24),
(14, 2, 25),
(15, 2, 22),
(15, 2, 23),
(15, 2, 24),
(15, 2, 25),
(16, 2, 22),
(16, 2, 23),
(16, 2, 24),
(16, 2, 25),
(17, 2, 22),
(17, 2, 23),
(17, 2, 24),
(17, 2, 25),
(18, 2, 22),
(18, 2, 23),
(18, 2, 24),
(18, 2, 25),
(19, 2, 22),
(19, 2, 23),
(19, 2, 24),
(19, 2, 25),
(20, 2, 22),
(20, 2, 23),
(20, 2, 24),
(20, 2, 25),
(21, 2, 22),
(21, 2, 23),
(21, 2, 24),
(21, 2, 25),
(22, 2, 22),
(22, 2, 23),
(22, 2, 24),
(22, 2, 25),
(23, 2, 22),
(23, 2, 23),
(23, 2, 24),
(23, 2, 25),
(24, 2, 22),
(24, 2, 23),
(24, 2, 24),
(24, 2, 25),
(25, 2, 22),
(25, 2, 23),
(25, 2, 24),
(25, 2, 25),
(26, 2, 22),
(26, 2, 23),
(26, 2, 24),
(26, 2, 25),
(27, 2, 22),
(27, 2, 23),
(27, 2, 24),
(27, 2, 25),
(28, 2, 22),
(28, 2, 23),
(28, 2, 24),
(28, 2, 25),
(29, 2, 22),
(29, 2, 23),
(29, 2, 24),
(29, 2, 25),
(30, 2, 22),
(30, 2, 23),
(30, 2, 24),
(30, 2, 25),
(31, 2, 22),
(31, 2, 23),
(31, 2, 24),
(31, 2, 25),
(32, 2, 22),
(32, 2, 23),
(32, 2, 24),
(33, 2, 22),
(33, 2, 23),
(33, 2, 24),
(33, 2, 25),
(34, 2, 22),
(34, 2, 23),
(34, 2, 24),
(34, 2, 25),
(35, 2, 22),
(35, 2, 23),
(35, 2, 24),
(35, 2, 25),
(36, 2, 22),
(36, 2, 23),
(36, 2, 24),
(36, 2, 25),
(37, 2, 22),
(37, 2, 23),
(37, 2, 24),
(37, 2, 25),
(38, 2, 22),
(38, 2, 23),
(38, 2, 24),
(38, 2, 25),
(39, 2, 22),
(39, 2, 23),
(39, 2, 24),
(39, 2, 25),
(40, 2, 22),
(40, 2, 23),
(40, 2, 24),
(40, 2, 25),
(41, 3, 22),
(41, 3, 23),
(41, 3, 24),
(41, 3, 25),
(42, 3, 22),
(42, 3, 23),
(42, 3, 24),
(42, 3, 25),
(43, 3, 22),
(43, 3, 23),
(43, 3, 24),
(43, 3, 25),
(44, 3, 22),
(44, 3, 23),
(44, 3, 24),
(44, 3, 25),
(45, 3, 22),
(45, 3, 23),
(45, 3, 25),
(46, 3, 22),
(46, 3, 23),
(46, 3, 25),
(47, 3, 22),
(47, 3, 23),
(47, 3, 24),
(47, 3, 25),
(48, 3, 22),
(48, 3, 23),
(48, 3, 24),
(48, 3, 25),
(49, 4, 22),
(49, 4, 23),
(49, 4, 24),
(49, 4, 25),
(50, 4, 23),
(51, 4, 22),
(51, 4, 23),
(51, 4, 24),
(52, 4, 22),
(52, 4, 23),
(52, 4, 24),
(53, 4, 22),
(53, 4, 23),
(53, 4, 24),
(53, 4, 25),
(54, 4, 22),
(54, 4, 23),
(54, 4, 25),
(55, 4, 22),
(55, 4, 23),
(55, 4, 24),
(55, 4, 25),
(56, 4, 22),
(56, 4, 23),
(56, 4, 24),
(56, 4, 25),
(57, 4, 22),
(57, 4, 23),
(57, 4, 24),
(57, 4, 25),
(58, 4, 22),
(58, 4, 23),
(58, 4, 24),
(58, 4, 25),
(59, 4, 23),
(59, 5, 22),
(59, 5, 24),
(60, 4, 22),
(60, 4, 23),
(60, 4, 24),
(60, 4, 25),
(61, 4, 22),
(61, 4, 23),
(61, 4, 25),
(62, 4, 23),
(62, 4, 24),
(62, 5, 22),
(63, 4, 22),
(63, 4, 23),
(63, 4, 24),
(63, 4, 25),
(64, 4, 22),
(64, 4, 23),
(64, 4, 24),
(64, 4, 25),
(65, 4, 22),
(65, 4, 23),
(65, 4, 24),
(65, 5, 25),
(66, 4, 23),
(66, 4, 25),
(66, 5, 22),
(66, 5, 24),
(67, 4, 23),
(67, 5, 25),
(68, 4, 23),
(69, 4, 23),
(69, 4, 24),
(69, 4, 25),
(70, 4, 23),
(70, 4, 24),
(71, 5, 22),
(71, 5, 23),
(71, 5, 24),
(71, 5, 25),
(72, 5, 23),
(73, 4, 22),
(73, 5, 23),
(73, 5, 24),
(74, 4, 22),
(74, 5, 23),
(74, 5, 24),
(75, 5, 22),
(75, 5, 23),
(75, 5, 24),
(75, 5, 25),
(76, 5, 23),
(76, 5, 24),
(76, 5, 25),
(77, 4, 24),
(77, 5, 22),
(77, 5, 23),
(78, 4, 24),
(78, 4, 25),
(78, 5, 22),
(78, 5, 23),
(79, 4, 22),
(79, 4, 24),
(79, 5, 23),
(79, 5, 25),
(80, 5, 23),
(82, 2, 22),
(82, 2, 23),
(82, 2, 24),
(82, 2, 25),
(83, 2, 22),
(83, 2, 23),
(83, 2, 24),
(83, 2, 25),
(84, 2, 22),
(84, 2, 23),
(84, 2, 24),
(84, 2, 25),
(85, 4, 22),
(85, 4, 24),
(86, 4, 22),
(86, 4, 24),
(87, 4, 22),
(88, 4, 22),
(89, 4, 22),
(90, 5, 22),
(91, 5, 22),
(92, 5, 22),
(93, 5, 22),
(94, 4, 24),
(95, 4, 24),
(96, 5, 24),
(97, 5, 24),
(98, 4, 25),
(99, 4, 25),
(100, 4, 25),
(101, 4, 25),
(102, 4, 25),
(103, 4, 25),
(104, 4, 25),
(105, 4, 25),
(106, 5, 25),
(107, 5, 25),
(108, 5, 25),
(109, 5, 25);

-- --------------------------------------------------------

--
-- Table structure for table `student`
--

CREATE TABLE `student` (
  `std_id` bigint(12) NOT NULL,
  `std_pass` varchar(30) NOT NULL,
  `std_fname` varchar(15) NOT NULL,
  `std_lname` varchar(15) NOT NULL,
  `loc` varchar(15) NOT NULL,
  `collage` varchar(25) NOT NULL,
  `gender` int(1) NOT NULL,
  `College_Year` int(1) NOT NULL,
  `email` varchar(35) NOT NULL,
  `status` int(1) NOT NULL,
  `created_date` varchar(10) NOT NULL,
  `account_id` bigint(10) NOT NULL,
  `img_id` bigint(12) DEFAULT NULL
) ENGINE=InnoDB DEFAULT CHARSET=utf8mb4;

--
-- Dumping data for table `student`
--

INSERT INTO `student` (`std_id`, `std_pass`, `std_fname`, `std_lname`, `loc`, `collage`, `gender`, `College_Year`, `email`, `status`, `created_date`, `account_id`, `img_id`) VALUES
(120180612100, '0799317489', 'omar', 'thaer', 'maan', 'IT', 1, 4, '120180612100@st.ahu.edu.jo', 1, '2022-03-28', 251986197, NULL),
(120180612114, '56789', 'zaid', 'mohammad', 'maan', 'IT', 1, 4, '120180612114@st.ahu.edu.jo', 0, '2022-03-28', 945532290, NULL),
(120180612122, 'Blackbox@007', 'Radwan', 'Susan', '', '', 1, 4, '120180612122@st.ahu.edu.jo', 1, '2022-05-04', 882342624, NULL),
(120180612999, '12345', 'samer', 'khaled', '', '', 1, 4, '120180612999@st.ahu.edu.jo', 0, '2022-04-01', 697723097, NULL),
(120201408061, '123456789', 'amer', 'hindawi', '', '', 1, 4, '120201408061@st.ahu.edu.jo', 0, '2022-04-05', 949058306, NULL),
(999999999999, 'AdminBox@007', 'Triibe', 'Team', '', '', 1, 1, '999999999999@st.ahu.edu.jo', 0, '2022-05-04', 528706628, NULL);

-- --------------------------------------------------------

--
-- Table structure for table `students`
--

CREATE TABLE `students` (
  `id` int(11) NOT NULL,
  `Std_No` varchar(12) NOT NULL,
  `Std_Name` varchar(60) NOT NULL,
  `SSN` varchar(10) NOT NULL,
  `mobile` varchar(10) NOT NULL,
  `Email` varchar(30) NOT NULL,
  `Address` varchar(60) NOT NULL,
  `Password` varchar(20) NOT NULL,
  `Std_Major_No` int(11) NOT NULL,
  `otp` int(11) DEFAULT NULL,
  `brithdate` date DEFAULT NULL,
  `gender` int(1) NOT NULL,
  `std_ori_hr` int(1) NOT NULL,
  `std_ori_day` int(1) NOT NULL
) ENGINE=InnoDB DEFAULT CHARSET=utf8mb4;

--
-- Dumping data for table `students`
--

INSERT INTO `students` (`id`, `Std_No`, `Std_Name`, `SSN`, `mobile`, `Email`, `Address`, `Password`, `Std_Major_No`, `otp`, `brithdate`, `gender`, `std_ori_hr`, `std_ori_day`) VALUES
(1, '120210612001', 'احمد عامر احمد الشراونة', '2000309896', '0779356222', '120210612001@st.ahu.edu.jo', 'عمان-ضاحية لرشيد', 'ahmad123', 23, 339635, '1999-11-29', 1, 3, 4),
(2, '120200614019', 'سجى احمد محمود القرعان', '9993024150', '0789789788', '120200614019@st.ahu.edu.jo', 'جرش', 'ahmad271', 22, 0, '1999-01-05', 1, 3, 2),
(3, '120190612001', 'معاذ عماد سمور', '9983010890', '0798092033', '120190612001@st.ahu.edu.jo', 'ماركا الجنوبية', 'moath261', 23, 389198, '1998-06-15', 1, 2, 2),
(4, '120190614045', 'رحمه سالم دواس الدهامشة', '9953024390', '0776824560', '120190614045@st.ahu.edu.jo', 'الجيزة', 'rahma231', 22, 0, '1995-04-14', 2, 3, 1);

-- --------------------------------------------------------

--
-- Table structure for table `subjects`
--

CREATE TABLE `subjects` (
  `id` int(11) NOT NULL,
  `class_num` int(11) NOT NULL,
  `crs_id` int(11) NOT NULL,
  `days` int(11) NOT NULL,
  `from_hour` float NOT NULL,
  `to_hour` float NOT NULL,
  `crs_teach` int(11) NOT NULL,
  `class_cap` int(3) DEFAULT NULL
) ENGINE=InnoDB DEFAULT CHARSET=utf8mb4;

--
-- Dumping data for table `subjects`
--

INSERT INTO `subjects` (`id`, `class_num`, `crs_id`, `days`, `from_hour`, `to_hour`, `crs_teach`, `class_cap`) VALUES
(1, 4, 7, 1, 15, 16.3, 1, 150),
(2, 1, 7, 2, 9, 10, 1, 150),
(3, 2, 7, 2, 13, 14, 1, 150),
(4, 3, 7, 1, 8, 9.3, 1, 150),
(5, 4, 7, 1, 15, 16.3, 1, 150),
(6, 3, 7, 1, 8, 9.3, 1, 150),
(7, 2, 7, 2, 13, 14, 1, 150),
(8, 1, 7, 2, 9, 10, 1, 150),
(9, 3, 8, 2, 10, 11, 2, 90),
(10, 4, 8, 2, 12, 13, 2, 90),
(11, 2, 8, 2, 9, 10, 2, 90),
(12, 1, 8, 1, 11, 12.3, 2, 90),
(13, 9, 8, 3, 14, 15.3, 3, 90),
(14, 6, 8, 2, 10, 11, 4, 90),
(15, 5, 8, 1, 12.3, 14, 4, 90),
(16, 7, 8, 2, 11, 12, 5, 90),
(17, 8, 8, 1, 9.3, 11, 5, 90),
(18, 5, 17, 2, 14, 15, 6, 140),
(19, 4, 17, 1, 14, 15.3, 6, 140),
(20, 6, 17, 2, 9, 10, 7, 140),
(21, 7, 17, 2, 10, 11, 7, 140),
(22, 1, 17, 2, 13, 14, 6, 140),
(23, 2, 17, 1, 12.3, 14, 6, 140),
(24, 3, 17, 2, 12, 13, 8, 140),
(25, 10, 17, 2, 11, 12, 7, 140),
(26, 8, 16, 2, 8, 9, 9, 90),
(27, 9, 16, 2, 10, 11, 5, 90),
(28, 2, 16, 2, 12, 13, 4, 90),
(29, 6, 16, 1, 12.3, 14, 10, 90),
(30, 4, 16, 2, 11, 12, 11, 90),
(31, 3, 3, 1, 12.3, 14, 12, 200),
(32, 2, 5, 1, 11, 12.3, 13, 150),
(33, 5, 5, 1, 9.3, 11, 12, 150),
(34, 1, 5, 2, 10, 11, 13, 150),
(35, 4, 5, 2, 11, 12, 14, 150),
(36, 13, 2, 2, 10, 11, 15, 150),
(37, 8, 2, 2, 9, 10, 16, 150),
(38, 10, 2, 2, 12, 13, 17, 150),
(39, 12, 2, 1, 12.3, 14, 17, 150),
(40, 1, 2, 2, 8, 9, 18, 150),
(41, 3, 2, 1, 8, 9.3, 18, 150),
(42, 5, 2, 1, 11, 12.3, 19, 150),
(43, 6, 2, 2, 13, 14, 20, 150),
(44, 12, 6, 2, 8, 9, 17, 150),
(45, 1, 6, 1, 9.3, 11, 21, 150),
(46, 2, 6, 2, 10, 11, 18, 150),
(47, 4, 6, 2, 11, 12, 19, 150),
(48, 6, 6, 3, 14, 15.3, 20, 150),
(49, 8, 6, 1, 15.3, 17, 20, 150),
(50, 14, 6, 2, 9, 10, 15, 150),
(51, 16, 6, 1, 8, 9.3, 15, 150),
(52, 9, 6, 2, 11, 12, 16, 150),
(53, 11, 6, 1, 9.3, 11, 16, 150),
(54, 1, 13, 2, 10, 11, 19, 120),
(55, 3, 10, 1, 12.3, 14, 22, 120),
(56, 2, 10, 2, 12, 13, 23, 120),
(57, 1, 10, 2, 9, 10, 24, 120),
(58, 2, 4, 2, 11, 12, 25, 150),
(59, 3, 4, 1, 9.3, 11, 26, 150),
(60, 1, 4, 2, 8, 9, 27, 150),
(61, 2, 9, 2, 12, 13, 28, 120),
(62, 1, 11, 2, 10, 11, 29, 180),
(63, 3, 11, 2, 12, 13, 30, 180),
(64, 2, 11, 1, 15.3, 17, 31, 180),
(65, 1, 18, 2, 13, 14, 32, 140),
(66, 2, 41, 1, 9.3, 11, 33, 70),
(67, 4, 41, 2, 9, 10, 34, 70),
(68, 3, 41, 1, 11, 12.3, 33, 70),
(69, 1, 41, 2, 10, 11, 35, 70),
(70, 5, 41, 2, 12, 13, 35, 70),
(71, 6, 41, 2, 13, 14, 35, 70),
(72, 7, 41, 2, 11, 12, 36, 70),
(73, 1, 44, 2, 10, 11, 37, 70),
(74, 2, 44, 1, 8, 9.3, 38, 70),
(75, 4, 44, 1, 12.3, 14, 36, 70),
(76, 3, 44, 1, 9.3, 11, 36, 70),
(77, 1, 49, 1, 9.3, 11, 34, 90),
(78, 1, 56, 1, 11, 12.3, 39, 90),
(79, 2, 56, 2, 10, 11, 36, 90),
(80, 1, 31, 2, 10, 11, 40, 120),
(81, 4, 31, 1, 14, 15.3, 41, 120),
(82, 2, 31, 3, 14, 15.3, 42, 120),
(83, 1, 45, 2, 11, 12, 40, 80),
(84, 2, 45, 1, 9.3, 11, 43, 80),
(85, 3, 45, 1, 11, 12.3, 44, 80),
(86, 1, 38, 1, 14, 15.3, 45, 120),
(87, 1, 19, 1, 11, 12.3, 46, 120),
(88, 3, 95, 1, 15.3, 17, 47, 25),
(89, 1, 95, 2, 11, 12, 48, 25),
(90, 4, 95, 2, 9, 10, 48, 25),
(91, 1, 94, 3, 14, 15.3, 49, 25),
(92, 2, 94, 1, 9.3, 11, 50, 25),
(93, 2, 26, 3, 15.3, 17, 51, 90),
(94, 1, 26, 1, 8, 9.3, 52, 90),
(95, 1, 85, 1, 11, 12.3, 53, 50),
(96, 1, 37, 2, 12, 13, 54, 70),
(97, 2, 37, 1, 13, 14, 54, 70),
(98, 1, 32, 2, 10, 11, 55, 80),
(99, 2, 32, 1, 11, 12.3, 55, 80),
(100, 1, 33, 2, 12, 13, 56, 90),
(101, 2, 29, 2, 11, 12, 57, 70),
(102, 1, 29, 1, 17, 18.3, 58, 70),
(103, 2, 54, 1, 8, 9.3, 59, 60),
(104, 1, 54, 2, 13, 14, 60, 60),
(105, 1, 61, 2, 10, 11, 59, 75),
(106, 3, 1, 1, 15.3, 17, 61, 90),
(107, 2, 1, 2, 18, 19, 62, 90),
(108, 4, 1, 1, 17, 18.3, 63, 90),
(109, 1, 1, 2, 17, 18, 64, 90),
(110, 2, 30, 2, 13, 14, 65, 40),
(111, 3, 30, 1, 9.3, 11, 66, 40),
(112, 1, 30, 2, 10, 11, 67, 40),
(113, 1, 43, 3, 14, 15.3, 68, 30),
(114, 2, 43, 1, 14, 15.3, 68, 30),
(115, 5, 46, 1, 14, 15.3, 64, 25),
(116, 3, 46, 3, 14, 15.3, 66, 25),
(117, 4, 46, 1, 11, 12.3, 64, 25),
(118, 2, 46, 2, 12, 13, 68, 25),
(119, 1, 46, 2, 10, 11, 62, 25),
(120, 1, 47, 2, 9, 10, 69, 25),
(121, 2, 47, 2, 10, 11, 69, 25),
(122, 3, 47, 1, 12.3, 14, 68, 25),
(123, 1, 50, 2, 12, 13, 70, 30),
(124, 1, 48, 3, 14, 15.3, 63, 35),
(125, 2, 48, 1, 9.3, 11, 71, 35),
(126, 2, 55, 1, 9.3, 11, 62, 35),
(127, 1, 55, 2, 9, 10, 62, 35),
(128, 1, 57, 2, 13, 14, 63, 25),
(129, 2, 57, 1, 8, 9.3, 70, 25),
(130, 1, 59, 2, 13, 14, 71, 25),
(131, 2, 60, 1, 9.3, 11, 65, 25),
(132, 1, 60, 2, 12, 13, 67, 25),
(133, 1, 63, 2, 11, 12, 61, 45),
(134, 2, 64, 1, 11, 12.3, 71, 25),
(135, 1, 64, 2, 9, 10, 61, 25),
(136, 1, 66, 1, 11, 12.3, 65, 30),
(137, 1, 67, 3, 14, 15.3, 72, 25),
(138, 1, 68, 2, 11, 12, 70, 25),
(139, 2, 35, 2, 10, 11, 73, 40),
(140, 1, 35, 2, 11, 12, 74, 40),
(141, 3, 35, 3, 15.3, 17, 75, 40),
(142, 1, 42, 1, 9.3, 11, 76, 35),
(143, 2, 42, 3, 14, 15.3, 77, 35),
(144, 2, 86, 2, 9, 10, 76, 35),
(145, 1, 86, 2, 11, 12, 76, 35),
(146, 1, 53, 2, 11, 12, 73, 35),
(147, 2, 53, 2, 12, 13, 77, 35),
(148, 1, 58, 2, 13, 14, 77, 35),
(149, 2, 58, 1, 11, 12.3, 74, 35),
(150, 1, 62, 2, 10, 11, 78, 45),
(151, 1, 71, 2, 12, 13, 76, 30),
(152, 1, 65, 3, 14, 15.3, 79, 35),
(153, 2, 65, 1, 14, 15.3, 75, 35),
(154, 2, 75, 2, 9, 10, 74, 35),
(155, 1, 75, 2, 12, 13, 74, 35),
(156, 1, 69, 1, 14, 15.3, 79, 40),
(157, 1, 77, 1, 11, 12.3, 79, 35),
(158, 1, 78, 1, 12.3, 14, 75, 35),
(159, 1, 79, 1, 12.3, 14, 78, 35),
(160, 1, 70, 1, 12.3, 14, 73, 35),
(161, 3, 51, 2, 9, 10, 80, 35),
(162, 1, 51, 2, 13, 14, 81, 35),
(163, 1, 52, 2, 12, 13, 81, 35),
(164, 2, 52, 2, 10, 11, 82, 35),
(165, 2, 51, 1, 12.3, 14, 81, 35),
(166, 1, 51, 2, 13, 14, 82, 35),
(167, 1, 87, 1, 11, 12.3, 83, 35),
(168, 2, 73, 2, 13, 14, 83, 25),
(169, 1, 73, 1, 14, 15.3, 83, 25),
(170, 3, 73, 2, 10, 11, 80, 25),
(171, 1, 74, 2, 11, 12, 82, 25),
(172, 2, 74, 1, 12.3, 14, 84, 25),
(173, 2, 88, 1, 14, 15.3, 80, 25),
(174, 1, 88, 2, 9, 10, 84, 25),
(175, 2, 89, 2, 10, 11, 84, 25),
(176, 1, 89, 2, 11, 12, 85, 25),
(177, 1, 92, 1, 11, 12.3, 84, 25),
(178, 1, 39, 2, 14, 15, 99, 70),
(179, 1, 40, 2, 13, 14, 86, 70),
(180, 2, 36, 1, 12.3, 14, 87, 50),
(181, 1, 36, 2, 11, 12, 87, 50),
(182, 1, 21, 2, 12, 13, 88, 50),
(183, 1, 34, 2, 12, 13, 89, 50),
(184, 1, 15, 2, 13, 14, 90, 50),
(185, 1, 14, 2, 13, 14, 91, 60),
(186, 2, 14, 1, 14, 15.3, 92, 60),
(187, 1, 28, 2, 11, 12, 35, 80),
(188, 1, 27, 1, 9.3, 11, 93, 70),
(189, 2, 27, 2, 10, 11, 94, 70),
(190, 1, 25, 3, 14, 15.3, 95, 70),
(191, 2, 25, 3, 11, 12.3, 95, 70);

-- --------------------------------------------------------

--
-- Table structure for table `sub_days`
--

CREATE TABLE `sub_days` (
  `id` int(11) NOT NULL,
  `days` varchar(30) NOT NULL
) ENGINE=InnoDB DEFAULT CHARSET=utf8mb4;

--
-- Dumping data for table `sub_days`
--

INSERT INTO `sub_days` (`id`, `days`) VALUES
(1, 'أثنين - أربعاء'),
(2, 'أحد - ثلاثاء - خميس'),
(3, 'أحد - ثلاثاء');

-- --------------------------------------------------------

--
-- Table structure for table `teachers`
--

CREATE TABLE `teachers` (
  `id` int(11) NOT NULL,
  `t_name` varchar(40) NOT NULL
) ENGINE=InnoDB DEFAULT CHARSET=utf8mb4;

--
-- Dumping data for table `teachers`
--

INSERT INTO `teachers` (`id`, `t_name`) VALUES
(1, 'المقدم يوسف السعيدات'),
(2, 'د.عايده ابوتايه'),
(3, 'د.ابراهيم الجعافره'),
(4, 'د.عبدالله الدراوشه'),
(5, 'د.ناصر ابو زيتون'),
(6, 'د.عدنان الطويل'),
(7, 'هيثم النعيمات'),
(8, 'د.حسين اللواما'),
(9, 'د.اسامة كريشان'),
(10, 'د.منصور التلهوني'),
(11, 'د.عبدالله المراعية'),
(12, 'د.سامي الجازي'),
(13, 'د.لبنى دوينع'),
(14, 'د.حسن الحسنات'),
(15, 'محمود النوافله'),
(16, 'عمران ال خطاب'),
(17, 'سلمان النصرات'),
(18, 'رابعة كريشان'),
(19, 'حامد ابو ذوابه'),
(20, 'عبدالوهاب المصري'),
(21, 'د.أسماء أبو قبيطه'),
(22, 'د.نعمان ملكاوي'),
(23, 'د.محمد أبوعوده'),
(24, 'أ.د.محمد راضي'),
(25, 'د.سلطان القرعان'),
(26, 'د.محمد جرار'),
(27, 'أ.د.هاشم الطويل'),
(28, 'د.سرحان الطوالبه'),
(29, 'د.محمد محيسن'),
(30, 'د.محمود خلف'),
(31, 'أ.د.يوسف ابوهلاله'),
(32, 'د.أنور الجازي'),
(33, 'د.سامي شكري'),
(34, 'د.أحمد عوجان'),
(35, 'سهم الطراونه'),
(36, 'رمال الغنميين'),
(37, 'د.سحر القراله'),
(38, 'د.إبراهيم جوارنه'),
(39, 'أ.د.جهاد الجرادين'),
(40, 'منذر السبول'),
(41, 'د.حاتم العميريين'),
(42, 'د.احمد ابو شتال'),
(43, 'أ.د.محمد ابو شايب'),
(44, 'د.معاذ الطراونة'),
(45, 'أ.د.محمود سلمان'),
(46, 'د.فؤاد كريشان'),
(47, 'محمد غالب الطحان'),
(48, 'عبدالله المعاني'),
(49, 'محمد الفلاحات'),
(50, 'د.احمد الخطيب'),
(51, 'شاهد المبيضين'),
(52, 'ركانه الشاويش'),
(53, 'اشرف هاني صلاح'),
(54, 'د.عواد الطيطي'),
(55, 'د.معاذ الشاويش'),
(56, 'أ.د.غسان بشارات'),
(57, 'د.مهند الحسنات'),
(58, 'أ.د.حسن الشلبي'),
(59, 'المأمون العثمان'),
(60, 'د.هيثم الاشعري'),
(61, 'د.انس ابو كركي'),
(62, 'علاء البطوش'),
(63, 'د.محمد ابو هلاله'),
(64, 'د.عامر الرهايفه'),
(65, 'د.تامر ابو خليل'),
(66, 'محمد ابو صالح'),
(67, 'د.توفيق الرواشدة'),
(68, 'يحيى الامامي'),
(69, 'عاهد السبوع'),
(70, 'د.سمية ابو صالح'),
(71, 'د.حربي المحافظه'),
(72, 'د.صالح العطيوي'),
(73, 'د.علي الغنميين'),
(74, 'عاتكه الدغمي'),
(75, 'د.مالك الكساسبة'),
(76, 'علي السبوع'),
(77, 'حامد التلهوني'),
(78, 'د.خلدون المغربي'),
(79, 'د.ابراهيم الخوري'),
(80, 'د.محمد الجعافره'),
(81, 'شروق الشراري'),
(82, 'د.ليالي المزايدة'),
(83, 'د.عمر الشاويش'),
(84, 'طاهرالعطيوي'),
(85, 'د.رياض السلامين'),
(86, 'احمد السايح'),
(87, 'عبدالله دويرج'),
(88, 'د.خميس آل خطاب'),
(89, 'د.احمد المعاني'),
(90, 'د.أمجد الركيبات'),
(91, 'د.علي الذيابات'),
(92, 'د.محمد النعيمات'),
(93, 'أ.د.مدثر أبوكركي'),
(94, 'د.حسن العايد'),
(95, 'د.فراس الشخشير'),
(99, 'ه.ت');

-- --------------------------------------------------------

--
-- Table structure for table `video`
--

CREATE TABLE `video` (
  `video_id` bigint(12) NOT NULL,
  `video_name` varchar(100) NOT NULL
) ENGINE=InnoDB DEFAULT CHARSET=utf8mb4;

--
-- Indexes for dumped tables
--

--
-- Indexes for table `colleges`
--
ALTER TABLE `colleges`
  ADD PRIMARY KEY (`Coll_No`),
  ADD UNIQUE KEY `UK_COLL_NAME` (`Coll_Name`);

--
-- Indexes for table `comment`
--
ALTER TABLE `comment`
  ADD PRIMARY KEY (`comment_id`);

--
-- Indexes for table `courses`
--
ALTER TABLE `courses`
  ADD PRIMARY KEY (`ID`),
  ADD KEY `CRS_Major_No` (`Crs_Mjr_No`),
  ADD KEY `Pre_ID_FK` (`Pre_ID`);

--
-- Indexes for table `crs_type`
--
ALTER TABLE `crs_type`
  ADD PRIMARY KEY (`ID`);

--
-- Indexes for table `files`
--
ALTER TABLE `files`
  ADD PRIMARY KEY (`fileId`);

--
-- Indexes for table `img`
--
ALTER TABLE `img`
  ADD PRIMARY KEY (`img_id`);

--
-- Indexes for table `majors`
--
ALTER TABLE `majors`
  ADD PRIMARY KEY (`ID`),
  ADD UNIQUE KEY `Major_No` (`Major_No`,`Coll_Major_No`),
  ADD KEY `Coll_Major_No_FK` (`Coll_Major_No`);

--
-- Indexes for table `majors_hour`
--
ALTER TABLE `majors_hour`
  ADD UNIQUE KEY `mjr_id` (`mjr_id`,`spc_op_hr`,`uni_op_hr`,`uni_man_hr`,`col_man_hr`,`spc_man_hr`,`from_year`,`to_year`);

--
-- Indexes for table `post`
--
ALTER TABLE `post`
  ADD PRIMARY KEY (`post_id`);

--
-- Indexes for table `semesters`
--
ALTER TABLE `semesters`
  ADD PRIMARY KEY (`id`);

--
-- Indexes for table `std_crs`
--
ALTER TABLE `std_crs`
  ADD PRIMARY KEY (`Std_id`,`crs_id`,`sem_id`),
  ADD KEY `sem_id` (`sem_id`),
  ADD KEY `crs_id` (`crs_id`);

--
-- Indexes for table `std_crs_sem`
--
ALTER TABLE `std_crs_sem`
  ADD PRIMARY KEY (`std_id`,`sub_id`,`sem_id`),
  ADD KEY `sub_id_2_fk` (`sub_id`),
  ADD KEY `sem_id_2_id` (`sem_id`);

--
-- Indexes for table `std_crs_temp`
--
ALTER TABLE `std_crs_temp`
  ADD PRIMARY KEY (`std_id`,`sub_id`,`sem_id`),
  ADD KEY `sub_id_3_fk` (`sub_id`),
  ADD KEY `sem_id_3_id` (`sem_id`);

--
-- Indexes for table `std_plan`
--
ALTER TABLE `std_plan`
  ADD UNIQUE KEY `course_id` (`course_id`,`crs_type`,`major_id`),
  ADD KEY `crs_type_fk` (`crs_type`),
  ADD KEY `major_id_fk` (`major_id`);

--
-- Indexes for table `student`
--
ALTER TABLE `student`
  ADD PRIMARY KEY (`std_id`);

--
-- Indexes for table `students`
--
ALTER TABLE `students`
  ADD PRIMARY KEY (`id`),
  ADD UNIQUE KEY `SSN` (`SSN`),
  ADD UNIQUE KEY `Phone` (`mobile`),
  ADD UNIQUE KEY `Std_No` (`Std_No`),
  ADD KEY `Std_Major_No_FK` (`Std_Major_No`);

--
-- Indexes for table `subjects`
--
ALTER TABLE `subjects`
  ADD PRIMARY KEY (`id`),
  ADD KEY `sub_crs_id` (`crs_id`),
  ADD KEY `sub_days_id` (`days`),
  ADD KEY `sub_teach_id` (`crs_teach`);

--
-- Indexes for table `sub_days`
--
ALTER TABLE `sub_days`
  ADD PRIMARY KEY (`id`);

--
-- Indexes for table `teachers`
--
ALTER TABLE `teachers`
  ADD PRIMARY KEY (`id`);

--
-- Indexes for table `video`
--
ALTER TABLE `video`
  ADD PRIMARY KEY (`video_id`);

--
-- AUTO_INCREMENT for dumped tables
--

--
-- AUTO_INCREMENT for table `comment`
--
ALTER TABLE `comment`
  MODIFY `comment_id` bigint(12) NOT NULL AUTO_INCREMENT, AUTO_INCREMENT=8;

--
-- AUTO_INCREMENT for table `courses`
--
ALTER TABLE `courses`
  MODIFY `ID` int(11) NOT NULL AUTO_INCREMENT, AUTO_INCREMENT=8080;

--
-- AUTO_INCREMENT for table `crs_type`
--
ALTER TABLE `crs_type`
  MODIFY `ID` int(11) NOT NULL AUTO_INCREMENT, AUTO_INCREMENT=6;

--
-- AUTO_INCREMENT for table `files`
--
ALTER TABLE `files`
  MODIFY `fileId` bigint(12) NOT NULL AUTO_INCREMENT, AUTO_INCREMENT=42;

--
-- AUTO_INCREMENT for table `img`
--
ALTER TABLE `img`
  MODIFY `img_id` bigint(12) NOT NULL AUTO_INCREMENT, AUTO_INCREMENT=27;

--
-- AUTO_INCREMENT for table `majors`
--
ALTER TABLE `majors`
  MODIFY `ID` int(11) NOT NULL AUTO_INCREMENT, AUTO_INCREMENT=34;

--
-- AUTO_INCREMENT for table `post`
--
ALTER TABLE `post`
  MODIFY `post_id` bigint(100) NOT NULL AUTO_INCREMENT, AUTO_INCREMENT=155;

--
-- AUTO_INCREMENT for table `subjects`
--
ALTER TABLE `subjects`
  MODIFY `id` int(11) NOT NULL AUTO_INCREMENT, AUTO_INCREMENT=192;

--
-- AUTO_INCREMENT for table `teachers`
--
ALTER TABLE `teachers`
  MODIFY `id` int(11) NOT NULL AUTO_INCREMENT, AUTO_INCREMENT=100;

--
-- AUTO_INCREMENT for table `video`
--
ALTER TABLE `video`
  MODIFY `video_id` bigint(12) NOT NULL AUTO_INCREMENT, AUTO_INCREMENT=26;

--
-- Constraints for dumped tables
--

--
-- Constraints for table `courses`
--
ALTER TABLE `courses`
  ADD CONSTRAINT `CRS_Major_No` FOREIGN KEY (`Crs_Mjr_No`) REFERENCES `majors` (`ID`) ON DELETE NO ACTION ON UPDATE CASCADE,
  ADD CONSTRAINT `Pre_ID_FK` FOREIGN KEY (`Pre_ID`) REFERENCES `courses` (`ID`) ON DELETE NO ACTION ON UPDATE CASCADE;

--
-- Constraints for table `majors`
--
ALTER TABLE `majors`
  ADD CONSTRAINT `Coll_Major_No_FK` FOREIGN KEY (`Coll_Major_No`) REFERENCES `colleges` (`Coll_No`) ON DELETE NO ACTION ON UPDATE CASCADE;

--
-- Constraints for table `majors_hour`
--
ALTER TABLE `majors_hour`
  ADD CONSTRAINT `mjr_id` FOREIGN KEY (`mjr_id`) REFERENCES `majors` (`ID`) ON DELETE NO ACTION ON UPDATE CASCADE;

--
-- Constraints for table `std_crs`
--
ALTER TABLE `std_crs`
  ADD CONSTRAINT `crs_id` FOREIGN KEY (`crs_id`) REFERENCES `courses` (`ID`) ON DELETE NO ACTION ON UPDATE CASCADE,
  ADD CONSTRAINT `sem_id` FOREIGN KEY (`sem_id`) REFERENCES `semesters` (`id`) ON DELETE NO ACTION ON UPDATE CASCADE,
  ADD CONSTRAINT `std_id` FOREIGN KEY (`Std_id`) REFERENCES `students` (`id`) ON DELETE NO ACTION ON UPDATE CASCADE;

--
-- Constraints for table `std_crs_sem`
--
ALTER TABLE `std_crs_sem`
  ADD CONSTRAINT `Std_ID_2_FK` FOREIGN KEY (`std_id`) REFERENCES `students` (`id`) ON DELETE NO ACTION ON UPDATE CASCADE,
  ADD CONSTRAINT `sem_id_2_id` FOREIGN KEY (`sem_id`) REFERENCES `semesters` (`id`) ON DELETE NO ACTION ON UPDATE CASCADE,
  ADD CONSTRAINT `sub_id_2_fk` FOREIGN KEY (`sub_id`) REFERENCES `subjects` (`id`) ON DELETE NO ACTION ON UPDATE CASCADE;

--
-- Constraints for table `std_crs_temp`
--
ALTER TABLE `std_crs_temp`
  ADD CONSTRAINT `Std_ID_3_FK` FOREIGN KEY (`std_id`) REFERENCES `students` (`id`),
  ADD CONSTRAINT `sem_id_3_id` FOREIGN KEY (`sem_id`) REFERENCES `semesters` (`id`),
  ADD CONSTRAINT `sub_id_3_fk` FOREIGN KEY (`sub_id`) REFERENCES `subjects` (`id`);

--
-- Constraints for table `std_plan`
--
ALTER TABLE `std_plan`
  ADD CONSTRAINT `course_id_fk` FOREIGN KEY (`course_id`) REFERENCES `courses` (`ID`) ON DELETE NO ACTION ON UPDATE CASCADE,
  ADD CONSTRAINT `crs_type_fk` FOREIGN KEY (`crs_type`) REFERENCES `crs_type` (`ID`) ON DELETE NO ACTION ON UPDATE CASCADE,
  ADD CONSTRAINT `major_id_fk` FOREIGN KEY (`major_id`) REFERENCES `majors` (`ID`) ON DELETE NO ACTION ON UPDATE CASCADE;

--
-- Constraints for table `students`
--
ALTER TABLE `students`
  ADD CONSTRAINT `Std_Major_No_FK` FOREIGN KEY (`Std_Major_No`) REFERENCES `majors` (`ID`) ON DELETE NO ACTION ON UPDATE CASCADE;

--
-- Constraints for table `subjects`
--
ALTER TABLE `subjects`
  ADD CONSTRAINT `sub_crs_id` FOREIGN KEY (`crs_id`) REFERENCES `courses` (`ID`) ON DELETE NO ACTION ON UPDATE CASCADE,
  ADD CONSTRAINT `sub_days_id` FOREIGN KEY (`days`) REFERENCES `sub_days` (`id`) ON DELETE NO ACTION ON UPDATE CASCADE,
  ADD CONSTRAINT `sub_teach_id` FOREIGN KEY (`crs_teach`) REFERENCES `teachers` (`id`) ON DELETE NO ACTION ON UPDATE CASCADE;
COMMIT;
